{
  "name": "V196 Test (Anterior Funciona 100%) Checkpoint 08-01-2026 Planillas CKU – Unifrutti Chile",
  "short_name": "Planillas CKU",
  "description": "Web app para crear, publicar y llenar formularios de aseguramiento de calidad en Unifrutti Chile. Diseñada para operaciones en planta, priorizando usabilidad, accesibilidad y robustez.",
  "start_url": "/",
  "display": "standalone",
  "background_color": "#ffffff",
  "theme_color": "#1c3b84",
  "encoding": "utf-8",
  "requestFramePermissions": [],
  "icons": [
    {
      "src": "/favicon.ico",
      "sizes": "64x64 32x32 24x24 16x16",
      "type": "image/x-icon"
    }
  ]
}